hex,lat,lon,time
a581c8,21.984467,-159.341359,1696118400.016
a58103,21.979465,-159.341049,1696118400.016
~30056a,21.321507,-157.94782,1696118400.016
~300f97,21.310318,-157.945758,1696118400.016
a1dcb4,21.310195,-157.945735,1696118400.016
a46ad6,21.307755,-157.945683,1696118400.016
~300a66,21.326825,-157.945112,1696118400.016
~30010a,21.3265,-157.944734,1696118400.016
~30080e,21.327012,-157.943675,1696118400.016
a4c2f8,21.328903,-157.924597,1696118400.016
a46e8d,21.327003,-157.92406,1696118400.016
~3004b7,21.327599,-157.923685,1696118400.016
a3f323,21.318795,-157.922757,1696118400.016
abe27e,21.326022,-157.92188,1696118400.016
~300ed2,21.326099,-157.921575,1696118400.016
~300f62,21.326443,-157.921039,1696118400.016
~3003f2,21.32777,-157.919952,1696118400.016
86dd4c,21.327803,-157.919922,1696118400.016
a6bfa6,21.330177,-157.917849,1696118400.016
a76a3a,21.319656,-157.914821,1696118400.016
a61bed,19.741419,-156.042813,1696118400.016
a4ee2e,19.737311,-156.041964,1696118400.016
a999df,61.18733,-150.010656,1696118400.016
aba7d9,61.190483,-150.003229,1696118400.016
a75659,61.189865,-150.003021,1696118400.016
abc948,61.188576,-150.002136,1696118400.016
a9876e,61.183216,-150.001782,1696118400.016
abaf47,61.189902,-149.999212,1696118400.016
a06a12,61.197432,-149.998296,1696118400.016
a5a24f,61.168104,-149.997203,1696118400.016
aa7fa1,61.171223,-149.996632,1696118400.016
ac54b1,61.191387,-149.996384,1696118400.016
a8881e,61.177197,-149.985719,1696118400.016
a9dace,61.213509,-149.840273,1696118400.016
3a46ae,-17.489834,-149.763885,1696118400.016
a1a76f,44.365471,-123.277653,1696118400.016
~c1e5bf,49.187302,-123.208466,1696118400.016
c1e5bf,49.18729,-123.208395,1696118400.016
c05605,49.198837,-123.190962,1696118400.016
c1e5b0,49.201046,-123.188218,1696118400.016
7580ef,49.199421,-123.185384,1696118400.016
c03bf1,49.203085,-123.18368,1696118400.016
a5fde4,45.544824,-122.95108,1696118400.016
aa2b90,45.544929,-122.950041,1696118400.016
a10e73,45.53904,-122.949807,1696118400.016
a0675f,45.533661,-122.946706,1696118400.016
a87de9,45.534645,-122.946396,1696118400.016
ac84e7,45.534027,-122.945954,1696118400.016
a85e74,45.533268,-122.945469,1696118400.016
a862d7,46.97493,-122.898474,1696118400.016
a3ad14,42.363945,-122.869112,1696118400.016
a443f8,38.514301,-122.810982,1696118400.016
aaf927,45.501056,-122.689061,1696118400.016
~57c7d7,45.582253,-122.603202,1696118400.016
~57c001,45.58255,-122.602984,1696118400.016
ab4f5d,45.590457,-122.599113,1696118400.016
a842a9,45.590595,-122.59729,1696118400.016
a22839,45.588897,-122.588179,1696118400.016
abb5e2,45.588776,-122.587693,1696118400.016
~5788e2,37.630749,-122.393744,1696118400.016
abff87,37.619631,-122.392084,1696118400.016
a2cb32,37.616652,-122.391994,1696118400.016
~578764,37.621925,-122.390296,1696118400.016
~578895,37.621925,-122.390179,1696118400.016
896523,37.612428,-122.387949,1696118400.016
4952a4,37.621754,-122.386979,1696118400.016
a1226e,37.610321,-122.38668,1696118400.016
a7d43c,37.619899,-122.386113,1696118400.016
a9d626,37.621696,-122.385095,1696118400.016
~5787fd,37.606806,-122.384859,1696118400.016
~578971,37.606585,-122.384202,1696118400.016
a0a457,37.60849,-122.383941,1696118400.016
addadb,37.613422,-122.383678,1696118400.016
a33243,37.614406,-122.382754,1696118400.016
406948,37.606373,-122.382611,1696118400.016
~5788b5,37.625788,-122.382411,1696118400.016
~578644,37.625788,-122.382411,1696118400.016
a326d1,37.611362,-122.382231,1696118400.016
c043b7,37.618444,-122.382157,1696118400.016
a81f83,37.613674,-122.381618,1696118400.016
~578979,37.625555,-122.381516,1696118400.016
a09e47,37.618618,-122.379982,1696118400.016
a99ef0,37.605686,-122.378988,1696118400.016
a4e7f8,37.618034,-122.364159,1696118400.016
394a01,37.611259,-122.36207,1696118400.016
a262ad,47.460123,-122.312921,1696118400.016
a5e29a,47.455055,-122.309778,1696118400.016
a8a82f,47.446243,-122.30892,1696118400.016
7815c8,47.531284,-122.30674,1696118400.016
a65598,47.442037,-122.306337,1696118400.016
a0fa8b,47.537888,-122.305813,1696118400.016
a4c6b3,47.433735,-122.305624,1696118400.016
a89d0a,47.444865,-122.305421,1696118400.016
a8af9d,47.446438,-122.305401,1696118400.016
ab8b56,47.439915,-122.304869,1696118400.016
a4cfb7,47.444046,-122.304731,1696118400.016
a871d4,47.445408,-122.304714,1696118400.016
a74fd8,47.537865,-122.30468,1696118400.016
a0757f,47.441631,-122.304474,1696118400.016
a0541b,47.440873,-122.304365,1696118400.016
ad4744,47.449207,-122.304285,1696118400.016
ac3f9c,47.437324,-122.302675,1696118400.016
a2cfa2,47.440487,-122.302139,1696118400.016
a70333,47.446576,-122.301671,1696118400.016
a445f8,47.440967,-122.301196,1696118400.016
a7d2e6,47.460775,-122.300861,1696118400.016
a2e9a3,47.438069,-122.299769,1696118400.016
a2280b,47.528357,-122.298291,1696118400.016
a017a5,47.438069,-122.297498,1696118400.016
aa3aac,47.526879,-122.297252,1696118400.016
ac4304,47.326939,-122.226145,1696118400.016
aca3a3,37.737339,-122.21935,1696118400.016
ad4328,47.497822,-122.218214,1696118400.016
ac94d5,47.496265,-122.217991,1696118400.016
aa9fe3,37.718427,-122.217064,1696118400.016
a61987,37.709873,-122.212732,1696118400.016
a41615,48.156509,-122.161875,1696118400.016
a886f6,37.66239,-122.122143,1696118400.016
abbdfe,37.463585,-122.117639,1696118400.016
a4df4f,37.454464,-122.114571,1696118400.016
a5b244,37.454659,-122.11311,1696118400.016
a9d238,37.457478,-122.112485,1696118400.016
ad71c2,47.907432,-122.102614,1696118400.016
abaabc,37.982975,-122.052292,1696118400.016
a101f9,37.363711,-121.936599,1696118400.016
a01efd,37.361755,-121.934538,1696118400.016
ab5f87,37.369925,-121.933211,1696118400.016
a81bc4,38.261226,-121.932046,1696118400.016
aaa6ae,37.364781,-121.926404,1696118400.016
a61d3e,37.363724,-121.923988,1696118400.016
a280fe,37.362328,-121.922603,1696118400.016
a4dd35,37.35387,-121.91445,1696118400.016
a175ff,36.589256,-121.858555,1696118400.016
a1110b,36.589348,-121.857719,1696118400.016
a32be6,36.588879,-121.853771,1696118400.016
a6f831,37.694584,-121.82431,1696118400.016
aa9e28,38.690586,-121.600023,1696118400.016
a4d97e,38.695198,-121.591476,1696118400.016
a0ddfb,38.693344,-121.586693,1696118400.016
a02681,38.692554,-121.586649,1696118400.016
acc718,38.570215,-121.469401,1696118400.016
abfa36,38.563618,-121.295303,1696118400.016
a1334b,44.24817,-121.140027,1696118400.016
a8372b,44.248009,-121.13957,1696118400.016
a91fcf,44.248042,-121.139324,1696118400.016
a5f396,44.248158,-121.139178,1696118400.016
a2625c,38.374977,-120.79686,1696118400.016
ab184d,34.423988,-119.836765,1696118400.016
c009be,49.96468,-119.381042,1696118400.016
a9ed87,46.263485,-119.105798,1696118400.016
a0e14d,35.428581,-119.053359,1696118400.016
a4c735,34.218624,-118.489483,1696118400.016
aaf47b,34.200233,-118.488053,1696118400.016
a15ea6,34.205864,-118.487493,1696118400.016
7c4926,33.940026,-118.430514,1696118400.016
aac762,33.944914,-118.423676,1696118400.016
a03fff,33.937843,-118.423186,1696118400.016
a82adf,33.946509,-118.418641,1696118400.016
a7d82a,33.946381,-118.417826,1696118400.016
485e2e,33.946815,-118.415773,1696118400.016
a64ab2,33.943215,-118.413305,1696118400.016
0d094c,33.939388,-118.411752,1696118400.016
ab5c69,33.947216,-118.411724,1696118400.016
a53052,33.947731,-118.411002,1696118400.016
a883bd,33.937786,-118.409958,1696118400.016
a98cbc,33.942237,-118.409457,1696118400.016
0c20f2,33.945322,-118.408999,1696118400.016
86d266,33.938257,-118.407297,1696118400.016
a4dd9d,33.948161,-118.406754,1696118400.016
a0103b,33.946358,-118.406609,1696118400.016
ad9bc8,33.941116,-118.406455,1696118400.016
8964b6,33.948627,-118.406453,1696118400.016
a9e6df,33.940704,-118.406314,1696118400.016
a6d234,33.946811,-118.405938,1696118400.016
a4e6c0,33.941597,-118.404955,1696118400.016
a4bb8a,33.941178,-118.404908,1696118400.016
ab674b,33.940864,-118.404837,1696118400.016
a09188,33.941677,-118.4041,1696118400.016
a776b2,33.939857,-118.40396,1696118400.016
a8b964,33.94183,-118.402777,1696118400.016
a13c43,33.941446,-118.402719,1696118400.016
ac3ee9,33.946974,-118.402519,1696118400.016
abc40d,33.946896,-118.40176,1696118400.016
aaa2f6,33.949448,-118.399378,1696118400.016
48ae04,33.939331,-118.394782,1696118400.016
600b24,33.937271,-118.383725,1696118400.016
00e066,34.200079,-118.363137,1696118400.016
a5e1db,33.799164,-118.336221,1696118400.016
ac9466,33.92347,-118.335884,1696118400.016
a7fa2d,33.817783,-118.146931,1696118400.016
aa9afc,33.818596,-118.146048,1696118400.016
ac0b96,33.80762,-118.13756,1696118400.016
a11ad4,33.673508,-117.866905,1696118400.016
a6bf5a,33.676354,-117.865076,1696118400.016
aa97d1,33.679776,-117.862916,1696118400.016
ae4f20,32.797076,-117.762003,1696118400.016
ab82ee,33.976546,-117.639227,1696118400.016
a4671d,33.978862,-117.636266,1696118400.016
aa7b78,34.05799,-117.603908,1696118400.016
a406c9,34.060003,-117.595797,1696118400.016
ac078b,34.059711,-117.587399,1696118400.016
ada51e,47.622688,-117.538227,1696118400.016
a476e6,33.127748,-117.276026,1696118400.016
a85f20,32.735068,-117.205203,1696118400.016
a76df8,32.733962,-117.201125,1696118400.016
a7f302,32.732975,-117.198701,1696118400.016
a5bd0b,32.733194,-117.196123,1696118400.016
424786,32.734707,-117.189621,1696118400.016
aaa247,32.731384,-117.1849,1696118400.016
a85f6f,32.813496,-117.144305,1696118400.016
ad2e57,32.812042,-117.13121,1696118400.016
c02ff6,47.776955,-116.827841,1696118400.016
a45409,43.564387,-116.239684,1696118400.016
a1600b,43.567681,-116.224692,1696118400.016
a32ad5,43.567577,-116.218712,1696118400.016
a9a492,36.210159,-115.202079,1696118400.016
0d0b89,36.081184,-115.171709,1696118400.016
a41cc4,36.083633,-115.169778,1696118400.016
a03c7e,36.08725,-115.166931,1696118400.016
~31481e,36.084869,-115.166287,1696118400.016
a2fde8,36.088131,-115.166216,1696118400.016
~3148a1,36.081802,-115.164272,1696118400.016
aa22e6,36.08719,-115.163615,1696118400.016
~314d74,36.089401,-115.163326,1696118400.016
4860ba,36.098167,-115.160308,1696118400.016
a60804,36.099266,-115.156717,1696118400.016
aaa9d8,36.089715,-115.156427,1696118400.016
a8955e,36.085979,-115.155802,1696118400.016
aaaa64,36.078787,-115.155141,1696118400.016
~314d3f,36.099294,-115.154352,1696118400.016
abd1c5,36.082372,-115.152979,1696118400.016
a51b58,36.082488,-115.151387,1696118400.016
ac1701,36.079216,-115.151095,1696118400.016
abe80e,36.082054,-115.148292,1696118400.016
ab5e6c,36.081985,-115.146275,1696118400.016
ac0048,36.0798,-115.145831,1696118400.016
a1bf3a,36.079171,-115.144856,1696118400.016
a3d7dc,36.085305,-115.137902,1696118400.016
a958d2,36.085361,-115.137434,1696118400.016
a42323,36.082798,-115.136819,1696118400.016
a57229,36.079536,-115.136361,1696118400.016
a7d2f1,36.082255,-115.135944,1696118400.016
a12625,36.081336,-115.13593,1696118400.016
ac7e09,36.080894,-115.1346,1696118400.016
a9238a,36.077554,-115.131036,1696118400.016
a9a419,36.081278,-115.129706,1696118400.016
a43458,36.079579,-115.129692,1696118400.016
a4870d,36.080847,-115.129692,1696118400.016
a600e4,36.077542,-115.124067,1696118400.016
a58e1e,36.077557,-115.123215,1696118400.016
ad2ce1,36.076425,-115.121656,1696118400.016
a1d105,32.66737,-114.593176,1696118400.016
aae7b1,33.018036,-114.241443,1696118400.016
c03140,51.106629,-114.021358,1696118400.016
c01e1f,51.133094,-114.01577,1696118400.016
c06a71,51.133503,-114.012718,1696118400.016
c1e985,51.10421,-114.005424,1696118400.016
~c1e972,51.112565,-114.002056,1696118400.016
~c1ea18,51.130022,-113.994446,1696118400.016
c063ce,53.290306,-113.560753,1696118400.016
a51bf5,33.686314,-112.08109,1696118400.016
aabd56,43.515678,-112.068499,1696118400.016
a04b22,33.425554,-112.021366,1696118400.016
a28eb7,33.427769,-112.020996,1696118400.016
a56862,33.430442,-112.015915,1696118400.016
a35283,33.433992,-112.008754,1696118400.016
a801de,33.434073,-112.008278,1696118400.016
a1ea70,33.439753,-112.007983,1696118400.016
a3c549,33.43284,-112.004424,1696118400.016
a2e28f,33.436169,-112.00383,1696118400.016
a27fdb,33.430138,-112.003349,1696118400.016
ac2173,33.433887,-112.002476,1696118400.016
a57d42,33.437937,-112.00235,1696118400.016
abdc9b,33.434294,-112.000024,1696118400.016
a06461,33.438158,-111.999744,1696118400.016
ab1496,33.437531,-111.999724,1696118400.016
abc0c1,33.433502,-111.999449,1696118400.016
ab8880,33.437519,-111.997266,1696118400.016
aa0e62,33.438011,-111.997073,1696118400.016
a49570,33.432141,-111.995316,1696118400.016
a5780f,33.439043,-111.994993,1696118400.016
ac377b,33.432129,-111.994395,1696118400.016
a4421d,40.788943,-111.993973,1696118400.016
aa922b,33.431059,-111.99369,1696118400.016
a73410,33.432152,-111.993681,1696118400.016
~354d52,40.776421,-111.993149,1696118400.016
aa8864,33.434201,-111.993115,1696118400.016
a526e2,33.436831,-111.992303,1696118400.016
aa55b5,33.438019,-111.992289,1696118400.016
~34019f,33.435711,-111.992267,1696118400.016
a48e46,40.78561,-111.992096,1696118400.016
a34ae6,40.789124,-111.991791,1696118400.016
ab3133,40.786617,-111.99115,1696118400.016
a3b05d,40.788265,-111.990067,1696118400.016
a36a13,40.786685,-111.989822,1696118400.016
a4c849,40.788105,-111.989441,1696118400.016
~354099,40.79148,-111.988293,1696118400.016
ac7e60,40.786835,-111.9879,1696118400.016
~354bc3,40.79147,-111.987305,1696118400.016
~354916,40.791355,-111.985275,1696118400.016
~354880,40.79162,-111.985,1696118400.016
a2c992,40.786441,-111.983128,1696118400.016
a324b0,40.78473,-111.982753,1696118400.016
~3544db,40.804317,-111.979086,1696118400.016
a03038,40.800888,-111.978394,1696118400.016
a32367,40.805351,-111.978378,1696118400.016
a01f13,40.799194,-111.978165,1696118400.016
~354d06,40.787865,-111.97731,1696118400.016
~354567,40.776362,-111.96991,1696118400.016
~354b7c,40.7772,-111.969738,1696118400.016
~354ee5,40.776548,-111.969239,1696118400.016
a54280,40.775963,-111.959,1696118400.016
a481f5,33.620759,-111.915793,1696118400.016
addf61,33.619758,-111.915307,1696118400.016
a7f289,33.62204,-111.91442,1696118400.016
a653f7,33.631405,-111.902283,1696118400.016
adeca5,32.121574,-110.939873,1696118400.016
a2ed5a,32.120136,-110.938792,1696118400.016
a28812,32.119881,-110.938362,1696118400.016
a37335,43.604656,-110.736551,1696118400.016
a047e3,47.047943,-109.459362,1696118400.016
a3a895,45.802595,-108.522692,1696118400.016
a78fa5,35.15199,-106.790071,1696118400.016
ad3d4e,35.033131,-106.619611,1696118400.016
a86df1,35.036133,-106.615995,1696118400.016
a29391,35.047655,-106.614089,1696118400.016
a891e5,35.041638,-106.607237,1696118400.016
a7a510,42.901405,-106.46033,1696118400.016
a33a3c,42.902251,-106.459596,1696118400.016
a7b8ad,42.904781,-106.457392,1696118400.016
acf2cf,31.800462,-106.394628,1696118400.016
ac956b,31.797716,-106.376537,1696118400.016
ac0418,31.799274,-106.365784,1696118400.016
abf516,35.620213,-106.082786,1696118400.016
aa023f,39.908721,-105.112061,1696118400.016
a6e0c9,39.905882,-105.105301,1696118400.016
a25374,39.567135,-104.848306,1696118400.016
a72808,39.570287,-104.8479,1696118400.016
a3c906,39.570969,-104.847799,1696118400.016
a03745,41.155786,-104.82115,1696118400.016
a26fc9,38.800037,-104.701259,1696118400.016
~2ecb08,39.852711,-104.696557,1696118400.016
~2ec1d9,39.889126,-104.696259,1696118400.016
~2ecc76,39.889126,-104.696259,1696118400.016
~2ecf9d,39.893829,-104.696229,1696118400.016
~2ec2f3,39.893829,-104.696229,1696118400.016
~2ec731,39.893829,-104.696229,1696118400.016
~2ec51b,39.893829,-104.696229,1696118400.016
~2ec52c,39.895157,-104.695945,1696118400.016
a43e7f,39.873516,-104.686556,1696118400.016
a80e4e,39.854034,-104.685181,1696118400.016
aacfe9,39.859074,-104.685123,1696118400.016
a19b18,39.840674,-104.685043,1696118400.016
ac36cc,39.861622,-104.684982,1696118400.016
ac2fc3,39.847481,-104.684108,1696118400.016
ac033e,39.849239,-104.684097,1696118400.016
~2ec60b,39.862347,-104.681466,1696118400.016
~2ec805,39.857094,-104.681227,1696118400.016
a43e5e,39.859306,-104.680984,1696118400.016
aa3b05,39.862041,-104.680573,1696118400.016
ac59aa,39.858177,-104.680527,1696118400.016
a98051,39.88052,-104.680063,1696118400.016
~2ec5fe,39.853031,-104.679779,1696118400.016
a59f15,39.859946,-104.679031,1696118400.016
a4495c,39.858158,-104.678526,1696118400.016
aa4a9b,39.86356,-104.678361,1696118400.016
ab3655,39.857828,-104.67804,1696118400.016
abc09e,39.862646,-104.677856,1696118400.016
abf308,39.863508,-104.677536,1696118400.016
a57f04,39.859943,-104.67751,1696118400.016
a1ca5f,39.862158,-104.677353,1696118400.016
a55b3c,39.859337,-104.677078,1696118400.016
a583f5,39.858112,-104.676272,1696118400.016
a5c694,39.859291,-104.675585,1696118400.016
ab5ed8,39.863484,-104.675415,1696118400.016
a08512,39.856659,-104.675137,1696118400.016
a9ec06,39.859935,-104.675064,1696118400.016
aa739d,39.857258,-104.674881,1696118400.016
a2aab5,39.831049,-104.67485,1696118400.016
a2ce05,39.863531,-104.674316,1696118400.016
a60814,39.856636,-104.673823,1696118400.016
3c4a05,39.855035,-104.673096,1696118400.016
a60c09,39.863937,-104.673077,1696118400.016
a81a81,39.852779,-104.672913,1696118400.016
a2b081,39.861317,-104.672301,1696118400.016
a21432,39.853477,-104.672077,1696118400.016
aa64ba,39.858201,-104.672043,1696118400.016
a445ef,39.859935,-104.671982,1696118400.016
a98b76,39.853464,-104.671524,1696118400.016
a94b6b,39.860836,-104.67142,1696118400.016
a123e0,39.858021,-104.67142,1696118400.016
~2ecff4,39.828484,-104.671271,1696118400.016
abaa0e,39.864098,-104.671032,1696118400.016
abc455,39.862495,-104.671002,1696118400.016
a12f09,39.857357,-104.670913,1696118400.016
a513ea,39.863531,-104.670547,1696118400.016
ac0c8b,39.862495,-104.668972,1696118400.016
~2ec5ee,39.852801,-104.668808,1696118400.016
a1110d,39.856723,-104.668762,1696118400.016
ac2439,39.861877,-104.66848,1696118400.016
a7df61,39.857328,-104.668304,1696118400.016
a58dc2,39.860081,-104.667509,1696118400.016
~2ec339,39.855846,-104.667479,1696118400.016
~2ec751,39.828529,-104.667091,1696118400.016
a5fd2d,39.862438,-104.666942,1696118400.016
a03356,39.857223,-104.666901,1696118400.016
a92367,39.860598,-104.666809,1696118400.016
abd5e0,39.864716,-104.666688,1696118400.016
ab6229,39.86348,-104.666644,1696118400.016
~2ec3d9,39.852824,-104.666595,1696118400.016
a44585,39.859966,-104.665927,1696118400.016
~2ec6a1,39.855803,-104.665573,1696118400.016
~2ec8e3,39.856808,-104.665479,1696118400.016
~2ec604,39.859703,-104.665285,1696118400.016
~2ec0af,39.858891,-104.665196,1696118400.016
a2f0aa,39.856796,-104.665151,1696118400.016
~2eca1b,39.827991,-104.664927,1696118400.016
~2ec50e,39.853031,-104.664673,1696118400.016
a126e7,39.861075,-104.664612,1696118400.016
~2ec6c7,39.828529,-104.664599,1696118400.016
~2ec365,39.828529,-104.664599,1696118400.016
~2ec6ff,39.829388,-104.664584,1696118400.016
a0205c,39.856796,-104.664479,1696118400.016
a40312,39.853054,-104.663807,1696118400.016
a43ea6,39.85912,-104.663498,1696118400.016
a43ea7,39.861019,-104.663464,1696118400.016
aa739e,39.86285,-104.663449,1696118400.016
ac0bc4,39.863927,-104.663437,1696118400.016
a31a2d,39.870036,-104.663361,1696118400.016
ac0c24,39.860179,-104.662979,1696118400.016
abca00,39.847549,-104.662494,1696118400.016
a39fb1,39.867406,-104.662231,1696118400.016
a6045d,39.869122,-104.662225,1696118400.016
abe448,39.873734,-104.662165,1696118400.016
a92365,39.874557,-104.662165,1696118400.016
a126e8,39.875797,-104.66214,1696118400.016
a494eb,39.876426,-104.662125,1696118400.016
aa56f8,39.877556,-104.661762,1696118400.016
~2ec0ea,39.852951,-104.661688,1696118400.016
~2ec88d,39.864986,-104.661667,1696118400.016
~2ec8bd,39.852951,-104.661658,1696118400.016
~2ecad7,39.86499,-104.661658,1696118400.016
~2ecd7d,39.86499,-104.661658,1696118400.016
~2ecc2c,39.869144,-104.661598,1696118400.016
~2ec5ea,39.83226,-104.658986,1696118400.016
~2ec5b8,39.83226,-104.658986,1696118400.016
~2ec057,39.83226,-104.658986,1696118400.016
~2ec2c5,39.83226,-104.658986,1696118400.016
~2ec3f7,39.856728,-104.658747,1696118400.016
~2ecb01,39.864235,-104.648462,1696118400.016
~2ec93a,39.864853,-104.648253,1696118400.016
~2ecf62,39.856659,-104.64797,1696118400.016
~2ec588,39.862667,-104.647223,1696118400.016
~2eca39,39.856613,-104.646358,1696118400.016
~2ec4bb,39.856705,-104.64582,1696118400.016
~2ec895,39.856682,-104.645805,1696118400.016
~2ec2a5,39.86039,-104.645567,1696118400.016
a38d77,38.283664,-104.497057,1696118400.016
a66e7a,20.520287,-103.307144,1696118400.016
ab28bf,44.042965,-103.059966,1696118400.016
a0293f,31.939165,-102.205642,1696118400.016
0d0cbc,19.427422,-99.090988,1696118400.016
ab437a,19.434023,-99.068642,1696118400.016
4851ad,19.442135,-99.061736,1696118400.016
a6a309,30.400078,-97.899939,1696118400.016
a5aa78,30.209633,-97.674462,1696118400.016
a717b6,30.200194,-97.67336,1696118400.016
acaa1c,30.203534,-97.659901,1696118400.016
a04dfa,30.191803,-97.659695,1696118400.016
a0681c,35.394859,-97.599306,1696118400.016
a56375,33.072025,-97.229775,1696118400.016
a8a337,31.612816,-97.225894,1696118400.016
a01567,32.901226,-97.059911,1696118400.016
ab3214,32.897361,-97.054652,1696118400.016
76ccd1,32.91568,-97.052193,1696118400.016
a21ed4,32.913254,-97.050764,1696118400.016
ac763e,32.883911,-97.048952,1696118400.016
ab44a7,32.87978,-97.048801,1696118400.016
a9a91a,32.897644,-97.047661,1696118400.016
a9cca5,32.902004,-97.047647,1696118400.016
a1a986,32.905449,-97.046782,1696118400.016
a24782,32.905106,-97.046741,1696118400.016
ad2862,32.900829,-97.046707,1696118400.016
a1cd4e,32.906376,-97.046095,1696118400.016
aa42aa,32.904611,-97.045838,1696118400.016
a347b1,32.902748,-97.04567,1696118400.016
ab5fdd,32.897093,-97.045628,1696118400.016
ab7627,32.896313,-97.045628,1696118400.016
a28b5b,32.905792,-97.045518,1696118400.016
a0a2bd,32.895813,-97.045515,1696118400.016
a1d4bc,32.908661,-97.045431,1696118400.016
a10931,32.901363,-97.045381,1696118400.016
a2c56d,32.907556,-97.045095,1696118400.016
a2c90d,32.907474,-97.044773,1696118400.016
a06010,32.90189,-97.043829,1696118400.016
ab271f,32.899979,-97.043624,1696118400.016
ade543,32.893845,-97.043541,1696118400.016
a25c6e,32.900829,-97.043399,1696118400.016
ad9edf,32.901958,-97.042909,1696118400.016
acf486,32.899956,-97.042643,1696118400.016
a2e57e,32.901821,-97.042415,1696118400.016
ac7a5e,32.885025,-97.040877,1696118400.016
a99686,32.887317,-97.039041,1696118400.016
ac97e4,32.90055,-97.038803,1696118400.016
a53207,32.894188,-97.038597,1696118400.016
a22003,32.910095,-97.038391,1696118400.016
ac7103,32.901772,-97.038299,1696118400.016
a8bf73,32.894847,-97.038299,1696118400.016
aafbf3,32.901876,-97.03792,1696118400.016
a8d5bd,32.894766,-97.037906,1696118400.016
ab0a95,32.909065,-97.037773,1696118400.016
adcdcc,32.907358,-97.037556,1696118400.016
a8aa87,32.894882,-97.03743,1696118400.016
abbb24,32.900311,-97.037224,1696118400.016
ac71dd,32.907381,-97.037023,1696118400.016
aa5d60,32.90801,-97.037023,1696118400.016
a506d1,32.894882,-97.036981,1696118400.016
a07b3e,32.907207,-97.036575,1696118400.016
a08a1a,32.906937,-97.03629,1696118400.016
a89f62,32.89967,-97.036221,1696118400.016
a0cdf3,32.895499,-97.036141,1696118400.016
a3615f,32.892566,-97.036113,1696118400.016
a1e9ac,32.910093,-97.036028,1696118400.016
ac96be,32.899555,-97.035974,1696118400.016
a3ed91,32.902645,-97.035864,1696118400.016
ac8ce5,32.89579,-97.035741,1696118400.016
ad3d4b,32.887802,-97.035686,1696118400.016
a3b414,32.888842,-97.035678,1696118400.016
a9969b,32.886612,-97.035645,1696118400.016
a0e431,32.906353,-97.035645,1696118400.016
a07b8f,32.892036,-97.035603,1696118400.016
a8a6d0,32.902959,-97.03558,1696118400.016
a59398,32.896019,-97.035562,1696118400.016
acdf9a,32.906136,-97.035468,1696118400.016
a0f566,32.898457,-97.035439,1696118400.016
ac8583,32.898937,-97.03537,1696118400.016
aced23,32.905861,-97.035301,1696118400.016
acd296,32.897477,-97.035244,1696118400.016
a08021,32.898811,-97.035205,1696118400.016
acb9ed,32.896454,-97.035178,1696118400.016
aa25a6,32.8884,-97.035174,1696118400.016
aa2701,32.898022,-97.035136,1696118400.016
a163f2,32.904623,-97.035118,1696118400.016
~2f079f,32.908661,-97.035048,1696118400.016
a97029,32.887768,-97.034999,1696118400.016
ac5569,32.897803,-97.034921,1696118400.016
~2f0b12,32.909615,-97.034834,1696118400.016
a36130,32.892094,-97.034244,1696118400.016
ac893a,32.896407,-97.034221,1696118400.016
a3e55a,32.889347,-97.033969,1696118400.016
ab00ce,32.90332,-97.033828,1696118400.016
ad9811,32.889164,-97.033214,1696118400.016
~2f02ed,32.912223,-97.033198,1696118400.016
~2f06e1,32.915165,-97.033186,1696118400.016
~2f02d9,32.910558,-97.033184,1696118400.016
~2f0827,32.915295,-97.032749,1696118400.016
a0e086,32.89892,-97.032735,1696118400.016
~2f0110,32.91045,-97.032555,1696118400.016
~2f032d,32.910151,-97.032063,1696118400.016
~2f047d,32.910442,-97.032021,1696118400.016
~2f0a31,32.915621,-97.031965,1696118400.016
~2f03d3,32.914249,-97.031964,1696118400.016
~2f09fc,32.914911,-97.031937,1696118400.016
~2f0384,32.91386,-97.031827,1696118400.016
~2f0a3a,32.913968,-97.031825,1696118400.016
~2f0e56,32.911995,-97.031786,1696118400.016
~2f03ea,32.91199,-97.031783,1696118400.016
~2f012f,32.91199,-97.031783,1696118400.016
~2f04ab,32.91199,-97.031783,1696118400.016
~2f0531,32.910989,-97.031768,1696118400.016
~2f03ae,32.913026,-97.031768,1696118400.016
~2f07ec,32.914143,-97.031642,1696118400.016
~2f04b9,32.914632,-97.031614,1696118400.016
~2f0c40,32.915423,-97.031572,1696118400.016
~2f096d,32.900379,-97.031415,1696118400.016
~2f0767,32.901157,-97.031401,1696118400.016
~2f0c1b,32.904786,-97.031376,1696118400.016
~2f00ae,32.899979,-97.031223,1696118400.016
~2f0270,32.914806,-97.031166,1696118400.016
~2f0c5b,32.903285,-97.031012,1696118400.016
~2f095c,32.904659,-97.030879,1696118400.016
~2f04e8,32.914398,-97.030838,1696118400.016
~2f0e75,32.915295,-97.030816,1696118400.016
~2f017e,32.901178,-97.029106,1696118400.016
~2f0997,32.90467,-97.028658,1696118400.016
~2f07a5,32.901157,-97.028586,1696118400.016
~2f0785,32.904591,-97.028572,1696118400.016
a7db0b,32.909686,-97.027957,1696118400.016
~2f0b67,32.913747,-97.027887,1696118400.016
a04bbe,32.914867,-97.027309,1696118400.016
a313bf,32.915586,-97.026836,1696118400.016
a6f6dd,32.911094,-97.026009,1696118400.016
adac5d,32.875591,-97.023683,1696118400.016
ad64cd,32.878544,-97.020016,1696118400.016
acd5ad,32.879601,-97.010931,1696118400.016
ad5b47,32.679054,-96.864241,1696118400.016
abe892,32.856537,-96.85746,1696118400.016
a22482,32.855988,-96.857136,1696118400.016
a73059,32.855484,-96.856537,1696118400.016
aaa1de,32.854431,-96.855331,1696118400.016
a2f5b7,32.855976,-96.855301,1696118400.016
a59b9c,32.846455,-96.851395,1696118400.016
a81f1a,32.848736,-96.844101,1696118400.016
a0f714,32.978405,-96.839525,1696118400.016
a66a8c,32.963768,-96.831674,1696118400.016
ac786a,40.858096,-96.749522,1696118400.016
ad97cb,40.789639,-96.698318,1696118400.016
a24a3e,41.303299,-95.885788,1696118400.016
a20ff6,29.708118,-95.403108,1696118400.016
a6c5dd,38.833294,-94.894096,1696118400.016
a615d0,39.291801,-94.72239,1696118400.016
~3344d6,44.886452,-93.242798,1696118400.016
ab39f0,44.873291,-93.242536,1696118400.016
acd120,44.884283,-93.241352,1696118400.016
ac98c1,44.887802,-93.240869,1696118400.016
~334d31,44.88078,-93.240364,1696118400.016
~33437c,44.877114,-93.239594,1696118400.016
a4105b,44.886773,-93.234787,1696118400.016
~334799,44.872761,-93.231488,1696118400.016
a339b1,44.867093,-93.229997,1696118400.016
a32e8c,44.864056,-93.228653,1696118400.016
abadf9,44.876311,-93.226447,1696118400.016
a924d9,44.89229,-93.221322,1696118400.016
a382b6,44.882211,-93.21608,1696118400.016
a373da,44.881781,-93.214807,1696118400.016
aafd1f,44.878201,-93.214547,1696118400.016
a3c9c5,44.885708,-93.214203,1696118400.016
abde0b,44.883771,-93.214003,1696118400.016
a504d0,44.884772,-93.213568,1696118400.016
~3342a8,44.880675,-93.213032,1696118400.016
~334119,44.879709,-93.211927,1696118400.016
~3343bd,44.891184,-93.211692,1696118400.016
~33439d,44.886366,-93.211073,1696118400.016
~3348ab,44.8795,-93.210922,1696118400.016
~334697,44.886319,-93.210821,1696118400.016
~334be9,44.879988,-93.210754,1696118400.016
~3342d3,44.886191,-93.210587,1696118400.016
~334e84,44.879414,-93.210199,1696118400.016
a037b2,44.885412,-93.209515,1696118400.016
~3347fb,44.879174,-93.208343,1696118400.016
~3346a1,44.885586,-93.208259,1696118400.016
~334439,44.885074,-93.207958,1696118400.016
~334642,44.8849,-93.207656,1696118400.016
~33482e,44.885051,-93.207539,1696118400.016
~334380,44.88469,-93.206953,1696118400.016
a365b7,44.877243,-93.206833,1696118400.016
~3349f9,44.884434,-93.206484,1696118400.016
~334342,44.884306,-93.206249,1696118400.016
~33457a,44.884323,-93.206242,1696118400.016
~334749,44.88419,-93.205847,1696118400.016
~334220,44.884108,-93.205646,1696118400.016
~334a23,44.88398,-93.205429,1696118400.016
~334c56,44.883829,-93.205127,1696118400.016
~334345,44.883573,-93.204508,1696118400.016
~334ed5,44.883166,-93.20367,1696118400.016
~334a56,44.8822,-93.201359,1696118400.016
~334b89,44.881687,-93.199517,1696118400.016
~334a41,44.882048,-93.199249,1696118400.016
~334718,44.880477,-93.196385,1696118400.016
~33462b,44.87986,-93.194225,1696118400.016
a5df2d,44.929436,-93.060412,1696118400.016
a12151,39.936874,-91.193199,1696118400.016
a2fcf4,38.637938,-90.265427,1696118400.016
a36219,35.20116,-90.053268,1696118400.016
a4b859,30.034992,-90.02693,1696118400.016
a06a7e,35.065098,-89.983986,1696118400.016
ad27aa,35.063694,-89.959747,1696118400.016
a2efec,35.059536,-89.957047,1696118400.016
a7065f,43.428337,-88.697689,1696118400.016
a8fc72,41.98922,-87.930154,1696118400.016
a55017,41.971195,-87.925379,1696118400.016
a51763,41.972454,-87.924598,1696118400.016
a0345f,41.987171,-87.924052,1696118400.016
a1b519,41.969616,-87.920853,1696118400.016
a10d56,41.97036,-87.920494,1696118400.016
a91535,41.993808,-87.919879,1696118400.016
a2dffe,41.970392,-87.919656,1696118400.016
aa56b3,41.970392,-87.91849,1696118400.016
a7f096,41.970392,-87.917149,1696118400.016
a2a2e3,41.982891,-87.917085,1696118400.016
a5397d,41.986805,-87.916296,1696118400.016
a61592,41.970406,-87.915438,1696118400.016
a59d67,41.986802,-87.914961,1696118400.016
aa2bc5,41.967384,-87.913674,1696118400.016
a5e095,41.970417,-87.91305,1696118400.016
a5aa1c,41.980568,-87.912879,1696118400.016
ac55f3,41.986802,-87.912374,1696118400.016
a43ea2,41.974045,-87.912239,1696118400.016
a0a91e,41.974983,-87.912161,1696118400.016
ab9b13,42.002838,-87.911552,1696118400.016
acaa77,41.992819,-87.911081,1696118400.016
a0d344,41.976386,-87.911065,1696118400.016
a837a7,41.974326,-87.910889,1696118400.016
a44983,41.975129,-87.910538,1696118400.016
a76f66,41.981987,-87.9079,1696118400.016
c07e33,41.981037,-87.907791,1696118400.016
a4c8de,41.966778,-87.907276,1696118400.016
ac7e15,41.986802,-87.904901,1696118400.016
a4e6c8,41.972717,-87.90442,1696118400.016
a22702,41.975201,-87.903968,1696118400.016
ab6c26,41.970417,-87.903749,1696118400.016
a93604,41.982548,-87.903718,1696118400.016
a5a88c,41.97343,-87.902905,1696118400.016
a5799f,41.97298,-87.902641,1696118400.016
aa1368,41.982903,-87.902585,1696118400.016
a9d807,41.997392,-87.902298,1696118400.016
a5affa,41.97379,-87.902154,1696118400.016
aae6cd,41.972661,-87.901611,1696118400.016
a708b0,41.97471,-87.900765,1696118400.016
aaf0ce,41.973627,-87.900733,1696118400.016
ace81d,41.973627,-87.899935,1696118400.016
a3244a,41.976839,-87.899392,1696118400.016
ad7ece,41.986813,-87.899136,1696118400.016
aaea84,41.97345,-87.898912,1696118400.016
ad6ec6,41.973793,-87.898537,1696118400.016
ab7fee,41.972987,-87.898466,1696118400.016
a5bb1f,41.977933,-87.897875,1696118400.016
a96b65,42.946026,-87.897683,1696118400.016
aa8164,41.974163,-87.897619,1696118400.016
a08714,41.976525,-87.8973,1696118400.016
aa46cb,41.978294,-87.896917,1696118400.016
a32bf5,41.972305,-87.896274,1696118400.016
ac2dea,41.973406,-87.895943,1696118400.016
a4455e,41.978176,-87.895244,1696118400.016
a44940,41.976471,-87.895244,1696118400.016
a4cf26,41.9951,-87.894777,1696118400.016
ab6101,41.974105,-87.894298,1696118400.016
ad6116,41.981565,-87.893994,1696118400.016
a7ef08,41.977524,-87.893528,1696118400.016
a03b6d,41.977055,-87.892872,1696118400.016
a00c80,41.976723,-87.892623,1696118400.016
a057c7,41.976391,-87.892404,1696118400.016
a08e1e,41.97606,-87.892206,1696118400.016
a6eb1e,41.983349,-87.890344,1696118400.016
4d22a0,41.97372,-87.884637,1696118400.016
a58de0,41.971836,-87.884539,1696118400.016
aa7b54,41.970462,-87.884046,1696118400.016
3c6514,41.972824,-87.883711,1696118400.016
a7e1cd,41.973546,-87.882784,1696118400.016
ad7760,41.973667,-87.881823,1696118400.016
abc504,41.974221,-87.881523,1696118400.016
aac365,41.787117,-87.760116,1696118400.016
a7b11b,41.779667,-87.755084,1696118400.016
a75746,41.781111,-87.753903,1696118400.016
abbd8d,41.787838,-87.746757,1696118400.016
ac0448,41.788338,-87.744178,1696118400.016
0d099a,21.043509,-86.884972,1696118400.016
e8027c,21.038818,-86.877464,1696118400.016
a24014,33.562639,-86.750178,1696118400.016
a693aa,36.119888,-86.68838,1696118400.016
a3414e,36.1338,-86.672793,1696118400.016
a77dd8,39.709866,-86.285964,1696118400.016
a2c0ff,39.711933,-86.283569,1696118400.016
a677c5,42.74445,-86.103752,1696118400.016
a2db8e,37.688901,-85.926102,1696118400.016
ac27a6,30.357788,-85.797447,1696118400.016
~34c0f9,38.179722,-85.748393,1696118400.016
~34cbf5,38.184597,-85.748306,1696118400.016
~34c761,38.17947,-85.748072,1696118400.016
~34cc4c,38.183819,-85.747517,1696118400.016
~34ccc9,38.183258,-85.747371,1696118400.016
~34cfae,38.174492,-85.746567,1696118400.016
~34c572,38.178864,-85.745968,1696118400.016
~34c6c8,38.18082,-85.742696,1696118400.016
~34cdeb,38.17028,-85.740723,1696118400.016
~34cc13,38.159042,-85.73954,1696118400.016
~34cb05,38.180191,-85.733608,1696118400.016
~34ca54,38.185822,-85.733331,1696118400.016
~34c883,38.185455,-85.733331,1696118400.016
~34c0bc,38.185043,-85.733199,1696118400.016
~34c3f9,38.184723,-85.733083,1696118400.016
~34c707,38.182594,-85.733039,1696118400.016
~34c2c5,38.183224,-85.732863,1696118400.016
~34c58a,38.18367,-85.732717,1696118400.016
~34c194,38.183865,-85.731665,1696118400.016
~34c0a6,38.176048,-85.729109,1696118400.016
~34c66a,38.173244,-85.724434,1696118400.016
~34ccf6,38.17384,-85.723718,1696118400.016
acb375,43.129257,-85.674069,1696118400.016
a8e1f6,33.634724,-84.444758,1696118400.016
a126c4,33.645149,-84.442515,1696118400.016
a9c5c5,33.644119,-84.442039,1696118400.016
a350c3,33.643764,-84.442025,1696118400.016
~2d4275,33.634518,-84.442011,1696118400.016
a8b48f,33.639229,-84.441977,1696118400.016
ab766a,33.643488,-84.441161,1696118400.016
~2d410f,33.636703,-84.441147,1696118400.016
a04695,33.645525,-84.441118,1696118400.016
a3b3df,33.64307,-84.440503,1696118400.016
a6d3af,33.641719,-84.440475,1696118400.016
a32e86,33.645025,-84.440103,1696118400.016
ab2b2c,33.642231,-84.438789,1696118400.016
a3d7a7,33.639241,-84.438758,1696118400.016
~2d4afc,33.644047,-84.438057,1696118400.016
ac4963,33.642395,-84.4379,1696118400.016
a9073a,33.63755,-84.437877,1696118400.016
adc180,33.648445,-84.437751,1696118400.016
~2d4961,33.634388,-84.436626,1696118400.016
abfe1c,33.639587,-84.436546,1696118400.016
~2d4abb,33.64563,-84.436455,1696118400.016
a42020,33.640195,-84.436197,1696118400.016
add2b6,33.636634,-84.436169,1696118400.016
~2d48e4,33.633887,-84.435897,1696118400.016
a38237,33.646797,-84.435159,1696118400.016
aab1af,33.635811,-84.433729,1696118400.016
~2d47e9,33.636063,-84.432821,1696118400.016
~2d4cea,33.636727,-84.432464,1696118400.016
~2d43a4,33.633678,-84.432306,1696118400.016
a4996b,33.635807,-84.43182,1696118400.016
adb65b,33.642697,-84.431305,1696118400.016
ad14a8,33.638397,-84.430604,1696118400.016
a39113,33.642883,-84.42989,1696118400.016
a44cca,33.641155,-84.42982,1696118400.016
a34ecc,33.635819,-84.42946,1696118400.016
a81e38,33.637867,-84.428945,1696118400.016
a441c9,33.641602,-84.428925,1696118400.016
acd2d3,33.643442,-84.428072,1696118400.016
~2d4df2,33.637844,-84.428015,1696118400.016
~2d47d3,33.637949,-84.427714,1696118400.016
a99a52,33.636296,-84.427671,1696118400.016
a16ff1,33.637081,-84.427367,1696118400.016
~2d4855,33.644001,-84.427056,1696118400.016
a226c5,33.637287,-84.426218,1696118400.016
a39a13,33.638329,-84.426176,1696118400.016
a670a3,33.639393,-84.426106,1696118400.016
a7615f,33.640057,-84.426106,1696118400.016
a7f6b9,33.635819,-84.425611,1696118400.016
a02c64,33.652153,-84.425363,1696118400.016
a8eea1,33.632652,-84.424859,1696118400.016
a7563a,33.640984,-84.423345,1696118400.016
a305aa,33.635819,-84.423251,1696118400.016
a1699f,33.637241,-84.422911,1696118400.016
~2d4534,33.637541,-84.422908,1696118400.016
4bb193,33.636555,-84.422337,1696118400.016
~2d4d2b,33.637064,-84.422336,1696118400.016
a67bd3,33.638638,-84.420277,1696118400.016
a66cf7,33.637951,-84.420235,1696118400.016
aae6d5,33.63652,-84.418595,1696118400.016
~2d4f44,33.636773,-84.417357,1696118400.016
abaf76,39.101887,-84.415079,1696118400.016
~2d4116,33.630931,-84.414525,1696118400.016
~2d467f,33.63114,-84.414182,1696118400.016
~2d4cd8,33.632095,-84.413509,1696118400.016
4007f6,33.648331,-84.412163,1696118400.016
~2d4dc1,33.63526,-84.403424,1696118400.016
~2d442d,33.6332,-84.40268,1696118400.016
~2d4083,33.645397,-84.401307,1696118400.016
a747a8,39.583019,-84.229004,1696118400.016
346390,9.998641,-84.201634,1696118400.016
a04692,42.214634,-83.352959,1696118400.016
ab9792,40.075527,-83.075623,1696118400.016
a95881,39.828256,-82.916595,1696118400.016
a1d10c,27.907298,-82.69293,1696118400.016
a36ddb,27.904015,-82.689739,1696118400.016
adf528,35.441673,-82.5417,1696118400.016
a7196e,35.441767,-82.541467,1696118400.016
a5e391,28.800205,-82.317056,1696118400.016
abdd1c,41.405865,-81.85474,1696118400.016
a4f6fe,41.567482,-81.485005,1696118400.016
~3205cd,28.408934,-81.333187,1696118400.016
~3204bd,28.40841,-81.319185,1696118400.016
~320163,28.409248,-81.319131,1696118400.016
~320717,28.441647,-81.318979,1696118400.016
a64996,28.422661,-81.316509,1696118400.016
aca594,28.425259,-81.316087,1696118400.016
a426da,28.435853,-81.315577,1696118400.016
a95c89,28.436097,-81.315442,1696118400.016
ad93b7,28.432755,-81.315308,1696118400.016
a46e6a,28.435422,-81.315281,1696118400.016
a8ab3c,28.416266,-81.314136,1696118400.016
a78c43,28.427787,-81.312184,1696118400.016
a3965c,28.43541,-81.311756,1696118400.016
ab9278,28.422546,-81.306751,1696118400.016
aa7718,28.438786,-81.302618,1696118400.016
accf07,28.432989,-81.298035,1696118400.016
a1bc29,28.415943,-81.297867,1696118400.016
~32067b,28.434254,-81.295672,1696118400.016
a69549,28.408699,-81.295606,1696118400.016
a7db08,28.430034,-81.283695,1696118400.016
c06ad9,43.039557,-81.144496,1696118400.016
a5fc87,33.939537,-81.116531,1696118400.016
acea99,35.207325,-80.962302,1696118400.016
a9af3e,35.220676,-80.959396,1696118400.016
a0faf3,35.218128,-80.948776,1696118400.016
ad8935,35.219891,-80.948723,1696118400.016
accb65,35.221214,-80.948425,1696118400.016
a7d630,35.218151,-80.948064,1696118400.016
ac03ee,35.223244,-80.947154,1696118400.016
acab11,35.217979,-80.945839,1696118400.016
aa1f97,35.219936,-80.945526,1696118400.016
aa763f,35.214008,-80.945024,1696118400.016
a6e131,35.217686,-80.944977,1696118400.016
a04f75,35.219654,-80.944603,1696118400.016
acced9,35.217724,-80.94252,1696118400.016
ab4af1,35.220097,-80.942513,1696118400.016
a18b71,35.217674,-80.942345,1696118400.016
a977d4,35.218964,-80.942053,1696118400.016
a8bbbc,35.217648,-80.942039,1696118400.016
a69061,35.223988,-80.940063,1696118400.016
3c6509,35.221481,-80.939552,1696118400.016
a71efa,35.220509,-80.939095,1696118400.016
a2c1b6,25.795555,-80.294317,1696118400.016
0c2194,25.791996,-80.293223,1696118400.016
a21f94,40.495102,-80.244766,1696118400.016
a53db2,26.067684,-80.156289,1696118400.016
a8b8ba,26.066952,-80.152532,1696118400.016
acbf60,26.06987,-80.151936,1696118400.016
a8c094,26.06696,-80.151813,1696118400.016
acc6ce,26.069859,-80.150174,1696118400.016
a34978,26.068997,-80.149489,1696118400.016
c06a76,26.068636,-80.148644,1696118400.016
a874e1,26.073475,-80.148567,1696118400.016
a84d62,26.07122,-80.147505,1696118400.016
adb35c,26.073395,-80.147476,1696118400.016
a654cb,26.070843,-80.147427,1696118400.016
a7da9c,26.071383,-80.147284,1696118400.016
a81773,26.069963,-80.146663,1696118400.016
a7946a,26.066926,-80.146135,1696118400.016
a90824,26.073189,-80.145704,1696118400.016
a41f37,26.066926,-80.145,1696118400.016
ad4c27,26.067647,-80.142306,1696118400.016
adc9b6,26.075581,-80.141779,1696118400.016
a44291,26.075573,-80.140153,1696118400.016
ab5b8c,26.074139,-80.138086,1696118400.016
abef79,26.07439,-80.137037,1696118400.016
a3d039,26.683571,-80.090837,1696118400.016
a74923,26.685299,-80.089334,1696118400.016
c04826,43.685898,-79.647015,1696118400.016
c1e84e,43.679348,-79.638274,1696118400.016
ac2bb9,43.689663,-79.633873,1696118400.016
c00b7d,43.689066,-79.633108,1696118400.016
c00e6c,43.682602,-79.629976,1696118400.016
c1e803,43.664789,-79.627811,1696118400.016
c080aa,43.684597,-79.62186,1696118400.016
c07c7a,43.667187,-79.619501,1696118400.016
c03bf2,43.670503,-79.617299,1696118400.016
4007f4,43.67432,-79.616023,1696118400.016
c084a3,43.678475,-79.615075,1696118400.016
c04052,43.67226,-79.61344,1696118400.016
48ae24,43.670724,-79.612688,1696118400.016
c052e0,43.680803,-79.607931,1696118400.016
c0404f,43.67926,-79.606981,1696118400.016
c1e94d,43.670734,-79.597384,1696118400.016
ad2d99,36.051086,-79.472294,1696118400.016
ad6113,40.273624,-79.405975,1696118400.016
0c216c,9.04922,-79.393646,1696118400.016
0c200a,9.056982,-79.391327,1696118400.016
0c20f3,9.055756,-79.389938,1696118400.016
0c203a,9.058022,-79.388649,1696118400.016
a35da8,35.875408,-78.795633,1696118400.016
a37df6,35.878939,-78.793492,1696118400.016
a967ae,42.93338,-78.734271,1696118400.016
a0f869,42.935781,-78.733586,1696118400.016
a7e5c1,42.93512,-78.732083,1696118400.016
a08fb3,38.0312,-78.498118,1696118400.016
a0cab1,43.120285,-77.656349,1696118400.016
ad35bf,38.724025,-77.514526,1696118400.016
ac45ea,38.713306,-77.507294,1696118400.016
a8d46a,38.954401,-77.459259,1696118400.016
a77e8f,38.958753,-77.455902,1696118400.016
a2c86d,38.95717,-77.454239,1696118400.016
abcd7e,38.968941,-77.452807,1696118400.016
04004b,38.948291,-77.448334,1696118400.016
406a03,38.947278,-77.444687,1696118400.016
ab473a,38.854325,-77.042328,1696118400.016
a648d1,38.857293,-77.041901,1696118400.016
a639f5,38.852577,-77.039267,1696118400.016
aa7a61,39.185591,-76.681366,1696118400.016
a835d1,39.182239,-76.677353,1696118400.016
ac3b51,39.176125,-76.669494,1696118400.016
abbcc1,39.177532,-76.665941,1696118400.016
a01be7,39.18438,-76.657074,1696118400.016
acdfa0,39.184718,-76.655319,1696118400.016
0aca89,8.824966,-75.824961,1696118400.016
a54cd9,39.868803,-75.255096,1696118400.016
a28de3,39.870586,-75.25184,1696118400.016
a5232b,39.873505,-75.246839,1696118400.016
a4ce11,39.874718,-75.246526,1696118400.016
ab3fcc,39.874683,-75.245003,1696118400.016
a0e7f4,39.873551,-75.244766,1696118400.016
a00df9,39.874447,-75.243164,1696118400.016
ac7581,39.876228,-75.241047,1696118400.016
a728c1,39.874237,-75.240943,1696118400.016
aa4ac9,39.87553,-75.240753,1696118400.016
ab34a7,39.874866,-75.240406,1696118400.016
a0628f,39.874447,-75.240173,1696118400.016
a46ab3,39.87745,-75.237503,1696118400.016
a466fc,39.877281,-75.237032,1696118400.016
a77111,39.879604,-75.236032,1696118400.016
a765ec,39.880074,-75.234674,1696118400.016
a89b9b,39.878172,-75.234177,1696118400.016
a8d62c,40.280777,-74.812988,1696118400.016
a465df,40.68498,-74.184182,1696118400.016
a29212,40.676777,-74.183823,1696118400.016
aa7e51,40.685223,-74.182159,1696118400.016
a135cb,40.684193,-74.180389,1696118400.016
a923cf,40.676903,-74.180099,1696118400.016
aa7f03,40.677811,-74.179516,1696118400.016
a2b501,40.675678,-74.179276,1696118400.016
a9067b,40.67951,-74.178439,1696118400.016
a895eb,40.699842,-74.177425,1696118400.016
a8fc2e,40.682476,-74.176559,1696118400.016
a2e014,40.697293,-74.17602,1696118400.016
a9178d,40.683895,-74.175659,1696118400.016
a78945,40.69154,-74.174744,1696118400.016
aa23b3,40.700432,-74.173843,1696118400.016
48ae01,40.687305,-74.173477,1696118400.016
aa1ffc,40.69931,-74.173416,1696118400.016
a3c3e6,40.69777,-74.173149,1696118400.016
a9ffeb,40.698795,-74.172516,1696118400.016
aa477b,40.690846,-74.172431,1696118400.016
a94b50,40.701164,-74.172287,1696118400.016
a9d4b5,40.693115,-74.171852,1696118400.016
aa3646,40.698166,-74.171666,1696118400.016
a3a0eb,40.694768,-74.171651,1696118400.016
a0ad24,40.692684,-74.17126,1696118400.016
ada699,40.700237,-74.170824,1696118400.016
aa2ed8,40.696564,-74.170349,1696118400.016
aa2b21,40.700156,-74.169559,1696118400.016
a9b4a4,40.7001,-74.168839,1696118400.016
a2b130,40.6982,-74.162613,1696118400.016
ad4397,4.687592,-74.135681,1696118400.016
ab48aa,40.854973,-74.061447,1696118400.016
~31ce67,40.765993,-73.887535,1696118400.016
~31ce5d,40.766167,-73.887395,1696118400.016
a8faa6,40.775608,-73.877319,1696118400.016
~31cf40,40.777817,-73.875176,1696118400.016
acca88,40.774942,-73.874645,1696118400.016
~31cde6,40.77734,-73.872336,1696118400.016
c04049,40.777691,-73.871216,1696118400.016
~31cdff,40.782821,-73.871025,1696118400.016
~31ce0d,40.775955,-73.869371,1696118400.016
~31c64a,40.777584,-73.868309,1696118400.016
a849ab,40.772964,-73.866499,1696118400.016
a2d27c,40.77475,-73.865509,1696118400.016
a359c2,40.771099,-73.864014,1696118400.016
~31c7a7,40.771986,-73.86252,1696118400.016
a03f24,40.770368,-73.861396,1696118400.016
a042db,40.770573,-73.861191,1696118400.016
a062ec,40.769234,-73.860626,1696118400.016
a689b8,42.746441,-73.808372,1696118400.016
~3106ba,40.646109,-73.804904,1696118400.016
a18de7,40.642445,-73.799866,1696118400.016
49526a,40.642467,-73.796036,1696118400.016
4006c0,40.644665,-73.795959,1696118400.016
aa8315,40.648739,-73.795525,1696118400.016
~310236,40.651707,-73.793808,1696118400.016
a01112,40.648611,-73.793512,1696118400.016
4ba94c,40.642101,-73.792526,1696118400.016
a01097,40.649734,-73.79248,1696118400.016
04019a,40.646828,-73.792389,1696118400.016
a27e88,40.63916,-73.79158,1696118400.016
4007ed,40.649815,-73.790665,1696118400.016
~310cf0,40.637054,-73.788986,1696118400.016
a4c5d8,40.637927,-73.78883,1696118400.016
aca29a,40.653511,-73.788206,1696118400.016
ad60b7,40.636333,-73.787332,1696118400.016
aa4252,40.622646,-73.786697,1696118400.016
a13748,40.623531,-73.786318,1696118400.016
a4c527,40.653231,-73.785522,1696118400.016
~31059f,40.654221,-73.785324,1696118400.016
aa2184,40.622588,-73.785163,1696118400.016
~310380,40.635297,-73.785085,1696118400.016
aae5f7,40.64138,-73.784821,1696118400.016
48455e,40.63965,-73.7829,1696118400.016
~310b21,40.631733,-73.782898,1696118400.016
a9704d,40.634995,-73.782385,1696118400.016
a22642,40.654919,-73.781525,1696118400.016
adf128,40.63361,-73.781339,1696118400.016
a21142,40.634514,-73.781326,1696118400.016
a18284,40.630634,-73.780762,1696118400.016
a0b59d,40.638462,-73.780472,1696118400.016
a34bdc,40.634075,-73.780013,1696118400.016
a0f46f,40.632729,-73.779984,1696118400.016
~3105aa,40.633209,-73.779572,1696118400.016
ad7701,40.648751,-73.778967,1696118400.016
a67f81,40.636356,-73.778921,1696118400.016
a12861,40.635441,-73.778152,1696118400.016
~310df6,40.636042,-73.777953,1696118400.016
ad8bed,40.647903,-73.777908,1696118400.016
~310934,40.649821,-73.777875,1696118400.016
~310769,40.636088,-73.777703,1696118400.016
~3100a0,40.636135,-73.777657,1696118400.016
~310821,40.636112,-73.777657,1696118400.016
~310bed,40.634459,-73.777532,1696118400.016
~310a71,40.649654,-73.777466,1696118400.016
ad0074,40.647629,-73.777405,1696118400.016
a1c935,40.642513,-73.777145,1696118400.016
~31077c,40.637249,-73.777039,1696118400.016
a1f0b4,40.641523,-73.776424,1696118400.016
a44728,40.644165,-73.775924,1696118400.016
a299c8,40.643188,-73.77505,1696118400.016
a1a3a9,40.646198,-73.774506,1696118400.016
aa099e,40.645981,-73.772429,1696118400.016
ad27f3,40.638737,-73.770935,1696118400.016
a7e18a,40.648331,-73.770699,1696118400.016
a9bee2,40.643154,-73.767456,1696118400.016
~310d44,40.632511,-73.767014,1696118400.016
~31081a,40.632574,-73.766951,1696118400.016
~310bd1,40.632725,-73.766842,1696118400.016
4952a7,40.647727,-73.762582,1696118400.016
ad2095,40.639812,-73.760681,1696118400.016
c1e4ec,45.45948,-73.758676,1696118400.016
c1e587,45.453465,-73.758288,1696118400.016
c1e44c,45.458702,-73.758267,1696118400.016
c0799a,45.458981,-73.758202,1696118400.016
c1e44a,45.458439,-73.757777,1696118400.016
c0160b,45.455211,-73.756061,1696118400.016
c05ed8,45.455816,-73.755257,1696118400.016
c1e5a9,45.458473,-73.755046,1696118400.016
c1e571,45.455704,-73.754589,1696118400.016
c1e545,45.459913,-73.754386,1696118400.016
c1e480,45.459703,-73.752879,1696118400.016
c01a52,45.461437,-73.752725,1696118400.016
c05060,45.460052,-73.752159,1696118400.016
c1e5ac,45.459412,-73.751442,1696118400.016
c1e474,45.461018,-73.75035,1696118400.016
c1e479,45.460705,-73.750322,1696118400.016
c1e54c,45.457684,-73.750107,1696118400.016
c02e94,45.461517,-73.749896,1696118400.016
c1e42e,45.460144,-73.748589,1696118400.016
c01ec6,45.46067,-73.74836,1696118400.016
c1e5ba,45.460213,-73.748262,1696118400.016
c05ed0,45.458772,-73.747453,1696118400.016
c010a8,45.461624,-73.746196,1696118400.016
c1e5b7,45.458924,-73.745878,1696118400.016
c1e41b,45.452248,-73.74576,1696118400.016
c1e575,45.460856,-73.74268,1696118400.016
c00b7b,45.460239,-73.742077,1696118400.016
c04fdd,45.461403,-73.741297,1696118400.016
c0226c,45.462427,-73.73923,1696118400.016
c1e5e1,45.469456,-73.732849,1696118400.016
c1e403,45.479732,-73.732447,1696118400.016
c0534e,45.469952,-73.729346,1696118400.016
c1e488,45.458388,-73.727808,1696118400.016
c0671b,45.472755,-73.725684,1696118400.016
ab0416,41.068771,-73.705139,1696118400.016
a683a8,41.067732,-73.704295,1696118400.016
a42569,40.72292,-73.421412,1696118400.016
a91382,42.427058,-73.291456,1696118400.016
a2b223,41.94104,-72.69722,1696118400.016
a1a110,41.934288,-72.68472,1696118400.016
e8024f,-16.343513,-71.566658,1696118400.016
a1ec57,41.725399,-71.434974,1696118400.016
a0be20,42.463729,-71.290331,1696118400.016
a04a49,42.365158,-71.023084,1696118400.016
~2dcdc6,42.356312,-71.021649,1696118400.016
a066a3,42.363607,-71.021597,1696118400.016
~2dcf80,42.359511,-71.020974,1696118400.016
aa59a5,42.360466,-71.020712,1696118400.016
~2dce2b,42.360197,-71.019921,1696118400.016
~2dcf63,42.372638,-71.018052,1696118400.016
ab84ab,42.37137,-71.017781,1696118400.016
ad4804,42.367653,-71.01742,1696118400.016
~2dcf97,42.373756,-71.01727,1696118400.016
~2dcf94,42.370986,-71.01711,1696118400.016
49530d,42.368902,-71.016982,1696118400.016
~2dcb79,42.370916,-71.016503,1696118400.016
~2dcd9b,42.371591,-71.016264,1696118400.016
~2dcf20,42.357427,-71.0162,1696118400.016
a338ac,42.367664,-71.016078,1696118400.016
ac3adf,42.363223,-71.014379,1696118400.016
a79768,42.363689,-71.013852,1696118400.016
aa589c,42.366109,-71.013757,1696118400.016
~2dcec9,42.347279,-71.013693,1696118400.016
a3401a,42.364771,-71.013581,1696118400.016
ab0a9d,42.352795,-71.013549,1696118400.016
~2dcecf,42.364445,-71.012703,1696118400.016
~2dcf7d,42.369263,-71.012671,1696118400.016
a92478,42.364849,-71.012598,1696118400.016
c06724,42.355903,-71.012256,1696118400.016
a147d1,42.362036,-71.011936,1696118400.016
a9741d,42.369495,-71.011552,1696118400.016
a6c5dc,42.36661,-71.010834,1696118400.016
~2dc8ee,42.36562,-71.010691,1696118400.016
~2dcd62,42.368414,-71.010451,1696118400.016
~2dce51,42.368367,-71.009333,1696118400.016
~2dccfa,42.366179,-71.009142,1696118400.016
~2dcef4,42.367506,-71.008998,1696118400.016
~2dce1e,42.366028,-71.008934,1696118400.016
~2dc264,42.365946,-71.008775,1696118400.016
~2dcdf1,42.366051,-71.008264,1696118400.016
~2dc4c3,42.371498,-71.007864,1696118400.016
~2dce5f,42.369484,-71.006874,1696118400.016
a24aca,42.371777,-71.006699,1696118400.016
~2dcf44,42.370532,-71.006315,1696118400.016
~2dc8f6,42.355728,-70.992966,1696118400.016
ade609,18.432346,-69.67659,1696118400.016
aa4d77,18.427311,-69.673599,1696118400.016
a46070,12.13258,-68.279307,1696118400.016
4ba9ea,51.220402,-58.687897,1696118400.016
e065d3,-34.816315,-58.545288,1696118400.016
e0658e,-34.555458,-58.420844,1696118400.016
e06442,-34.557335,-58.417502,1696118400.016
e03614,-34.556591,-58.415302,1696118400.016
e49369,-1.384884,-48.476685,1696118400.016
e490ee,-15.865093,-47.92311,1696118400.016
e486c2,-15.869442,-47.919424,1696118400.016
e49aa8,-15.873149,-47.917201,1696118400.016
e49083,-23.007851,-47.137783,1696118400.016
e4944e,-23.624348,-46.660233,1696118400.016
e48f02,-23.429764,-46.483067,1696118400.016
e491f0,-23.434362,-46.483065,1696118400.016
e483be,-23.423195,-46.48092,1696118400.016
e80448,-23.430661,-46.477966,1696118400.016
e48b66,-23.427332,-46.476695,1696118400.016
e8026c,-23.429811,-46.476021,1696118400.016
e47fa6,-23.430637,-46.475741,1696118400.016
e48189,-23.424133,-46.461294,1696118400.016
e48043,-20.265896,-40.281643,1696118400.016
34668c,-3.77829,-38.53081,1696118400.016
4cc086,63.980162,-22.632138,1696118400.016
3c65c1,63.988804,-22.62864,1696118400.016
4cc088,63.977028,-21.634246,1696118400.016
495293,32.698909,-16.771751,1696118400.016
344044,28.054997,-16.562778,1696118400.016
3474da,27.941992,-15.386986,1696118400.016
34450e,28.460002,-13.869176,1696118400.016
490020,38.911869,-9.274148,1696118400.016
490031,38.424133,-9.185914,1696118400.016
496c2c,38.768509,-9.140386,1696118400.016
496c28,38.772778,-9.136072,1696118400.016
46b8b0,38.770226,-9.135236,1696118400.016
496c4b,38.780924,-9.132843,1696118400.016
496c4d,38.780656,-9.132797,1696118400.016
496c2b,38.773865,-9.130698,1696118400.016
496c2a,38.774117,-9.130475,1696118400.016
490039,39.173824,-9.05372,1696118400.016
49003a,38.704857,-9.009834,1696118400.016
49003c,37.083744,-8.94626,1696118400.016
490036,39.549105,-8.867966,1696118400.016
49003d,37.162216,-8.614479,1696118400.016
34450d,43.306942,-8.374443,1696118400.016
49003f,37.013661,-7.975029,1696118400.016
490040,37.019189,-7.971089,1696118400.016
490034,37.307533,-7.962283,1696118400.016
49003e,37.013229,-7.955878,1696118400.016
02a181,12.539486,-7.944346,1696118400.016
020095,33.35918,-7.581407,1696118400.016
4ca294,53.423092,-6.270447,1696118400.016
4ca393,53.436546,-6.266549,1696118400.016
4ca333,53.429685,-6.266211,1696118400.016
4ca334,53.429274,-6.26418,1696118400.016
4ca399,53.436184,-6.262776,1696118400.016
4cadbd,53.431034,-6.252104,1696118400.016
341054,37.427499,-5.76221,1696118400.016
4ca84c,55.51096,-4.609365,1696118400.016
34724e,36.814167,-4.369726,1696118400.016
~341057,40.460459,-3.567123,1696118400.016
342188,40.493534,-3.566544,1696118400.016
aaa6e4,40.488658,-3.565984,1696118400.016
896171,40.466949,-3.564774,1696118400.016
40772e,55.943962,-3.384601,1696118400.016
40717d,55.94981,-3.363044,1696118400.016
4010ec,53.335991,-2.849324,1696118400.016
407687,51.385632,-2.70928,1696118400.016
425853,53.329891,-2.313642,1696118400.016
425854,53.366357,-2.290892,1696118400.016
425855,53.361794,-2.283763,1696118400.016
425852,53.340923,-2.283292,1696118400.016
407e45,53.354963,-2.281218,1696118400.016
406011,53.352413,-2.280428,1696118400.016
425850,53.357709,-2.279522,1696118400.016
4258bf,53.364052,-2.276779,1696118400.016
4258c1,53.364017,-2.276755,1696118400.016
406015,53.360805,-2.273907,1696118400.016
425851,53.361341,-2.271868,1696118400.016
4ca703,52.450383,-1.738331,1696118400.016
424a7e,52.443936,-1.734055,1696118400.016
424a7a,52.443958,-1.734028,1696118400.016
43bf95,55.036812,-1.709889,1696118400.016
4caa5c,55.035929,-1.701549,1696118400.016
43bf94,55.039967,-1.700823,1696118400.016
43bf96,54.848957,-1.420427,1696118400.016
4016b7,52.073479,-1.364574,1696118400.016
4066d0,52.829166,-1.336384,1696118400.016
406e2e,52.827232,-1.329994,1696118400.016
406814,51.470821,-0.464506,1696118400.016
42584c,51.458471,-0.448227,1696118400.016
42584b,51.47057,-0.447043,1696118400.016
4005b9,51.470032,-0.418724,1696118400.016
4d23a1,51.149609,-0.199642,1696118400.016
406cdd,51.152584,-0.180977,1696118400.016
43bff0,51.14764,-0.179381,1696118400.016
406b83,51.155159,-0.176802,1696118400.016
4d2340,51.155846,-0.167727,1696118400.016
400afe,51.157686,-0.167274,1696118400.016
43bff8,51.157608,-0.164943,1696118400.016
424a48,51.884125,0.229154,1696118400.016
34104c,41.285603,2.083817,1696118400.016
3bfdff,48.722748,2.319001,1696118400.016
39d30d,48.732489,2.378359,1696118400.016
3bfbff,48.730522,2.392097,1696118400.016
3bffff,48.719198,2.393863,1696118400.016
392b3b,49.009735,2.547842,1696118400.016
392adb,49.016155,2.54787,1696118400.016
392afb,49.003458,2.573565,1696118400.016
392b1b,49.005947,2.597245,1696118400.016
34624f,41.899441,2.764997,1696118400.016
4481d9,50.905918,4.471807,1696118400.016
44818f,50.89967,4.473953,1696118400.016
44ce77,50.891477,4.47794,1696118400.016
44cdcc,50.892746,4.479044,1696118400.016
4481a6,50.907677,4.481964,1696118400.016
480d7d,52.43999,4.67021,1696118400.016
484204,52.327078,4.720963,1696118400.016
4842b8,52.318105,4.744524,1696118400.016
48520b,52.314066,4.747604,1696118400.016
4846df,52.312123,4.74782,1696118400.016
4842b0,52.319023,4.754028,1696118400.016
4842c6,52.319443,4.754647,1696118400.016
48430d,52.310806,4.763489,1696118400.016
484211,52.30703,4.774551,1696118400.016
484207,52.312321,4.775757,1696118400.016
485f8f,52.31147,4.802818,1696118400.016
4b17fa,46.230283,6.105772,1696118400.016
4b1800,46.235847,6.110525,1696118400.016
3c3fb4,51.276615,6.765175,1696118400.016
4b9e04,50.882927,7.118083,1696118400.016
3c83bb,50.878303,7.123092,1696118400.016
3c5ee8,50.870074,7.125511,1696118400.016
38c9ff,47.58607,7.531867,1696118400.016
4bd18a,52.132427,7.693863,1696118400.016
45fe53,55.09526,8.543951,1696118400.016
3c407f,50.037825,8.576963,1696118400.016
3c4080,50.038337,8.579487,1696118400.016
45fe46,55.74931,9.146035,1696118400.016
3c823b,48.691709,9.191907,1696118400.016
3c8246,48.6925,9.217529,1696118400.016
45fe47,55.699619,9.377663,1696118400.016
205000,39.595837,9.459751,1696118400.016
4bb86e,52.46727,9.670086,1696118400.016
45fe42,57.086449,9.883447,1696118400.016
45fe43,57.275813,9.977291,1696118400.016
45fe44,56.288103,10.702443,1696118400.016
45fe45,56.447219,10.945837,1696118400.016
3c8146,48.084284,11.294755,1696118400.016
45fe49,55.591324,12.12849,1696118400.016
a98c7a,51.41015,12.228966,1696118400.016
4067a4,51.408451,12.246265,1696118400.016
3c8195,51.410941,12.246456,1696118400.016
45fe4a,55.681171,12.354272,1696118400.016
45fe4b,55.611827,12.657537,1696118400.016
45fe3e,55.611843,12.657561,1696118400.016
4b8e42,55.625059,12.662902,1696118400.016
3c3d62,52.360572,13.479459,1696118400.016
4984c4,49.657977,13.817657,1696118400.016
49f08c,49.784201,14.031512,1696118400.016
49f085,50.099911,14.255881,1696118400.016
49f0de,50.113379,14.258547,1696118400.016
49f0df,50.105407,14.264615,1696118400.016
49f0e2,50.107118,14.265821,1696118400.016
49f0e0,50.115555,14.268078,1696118400.016
49f0e1,50.086705,14.270405,1696118400.016
49f015,50.105232,14.274836,1696118400.016
49f08d,50.734001,14.985157,1696118400.016
505f14,48.170151,17.217161,1696118400.016
49f0f4,49.695843,18.120557,1696118400.016
48e304,54.356827,18.480074,1696118400.016
48e305,54.376923,18.517739,1696118400.016
505fc1,49.095623,18.818735,1696118400.016
474806,47.430542,19.236958,1696118400.016
474809,47.430759,19.260612,1696118400.016
474805,47.43943,19.273734,1696118400.016
4408df,41.422239,19.71471,1696118400.016
48e805,52.165565,20.945238,1696118400.016
48e804,52.162434,20.959721,1696118400.016
471f32,52.177494,20.961894,1696118400.016
48e806,52.180729,20.962405,1696118400.016
48af05,52.179417,20.963058,1696118400.016
48e807,52.175562,20.973685,1696118400.016
48e808,52.174212,20.973999,1696118400.016
48e80a,52.156313,20.981631,1696118400.016
48e809,52.16404,20.983514,1696118400.016
4bcdf9,41.959568,21.62565,1696118400.016
505fc3,48.751168,22.339488,1696118400.016
45603f,43.628094,22.70601,1696118400.016
456047,42.347221,22.838213,1696118400.016
46f201,40.524759,22.960911,1696118400.016
46f202,40.511701,22.976953,1696118400.016
456046,42.574198,22.978033,1696118400.016
456048,41.771812,23.064455,1696118400.016
456045,42.63162,23.070826,1696118400.016
456043,43.133348,23.118766,1696118400.016
456004,42.92029,23.145414,1696118400.016
456051,42.565388,23.289914,1696118400.016
456024,42.688623,23.399793,1696118400.016
471f72,42.690881,23.401981,1696118400.016
4d245a,42.690765,23.402502,1696118400.016
452086,42.691944,23.403579,1696118400.016
456003,42.700168,23.407681,1696118400.016
456035,42.695862,23.409183,1696118400.016
456021,42.684906,23.409415,1696118400.016
456001,42.691658,23.413395,1696118400.016
456002,42.689659,23.413414,1696118400.016
456042,43.241408,23.611695,1696118400.016
456041,43.241386,23.611743,1696118400.016
4a7c1f,46.791249,23.694283,1696118400.016
4a7c27,44.311375,23.880975,1696118400.016
456044,43.034866,24.0553,1696118400.016
45604e,41.637241,24.678982,1696118400.016
5113fa,59.4184,24.813812,1696118400.016
467727,60.333993,24.950736,1696118400.016
4a7c26,45.426968,25.48511,1696118400.016
4a7c24,44.500854,26.067222,1696118400.016
4a7c1d,44.562572,26.076569,1696118400.016
4a7c12,44.570695,26.078244,1696118400.016
4a7c11,44.570451,26.078277,1696118400.016
4a00b7,44.568973,26.083017,1696118400.016
4a7c13,44.57325,26.083619,1696118400.016
4a7c17,44.570721,26.086595,1696118400.016
4a7c19,44.57371,26.096549,1696118400.016
4a7c16,44.574978,26.096984,1696118400.016
4a7c14,44.57897,26.098893,1696118400.016
4a7c1a,44.571975,26.109126,1696118400.016
4a7c1b,44.571922,26.10914,1696118400.016
4a7c15,44.579922,26.111281,1696118400.016
4a7c1c,44.566566,26.116268,1696118400.016
4bf239,41.274147,28.711838,1696118400.016
4ba9a9,41.264252,28.749348,1696118400.016
4bf169,41.266972,28.751511,1696118400.016
4baa4c,41.269665,28.752094,1696118400.016
50841c,41.2691,28.753723,1696118400.016
4ba8f3,36.893002,30.7955,1696118400.016
738052,32.004547,34.87153,1696118400.016
4bc859,21.672754,39.14542,1696118400.016
710227,21.694857,39.161388,1696118400.016
040078,-6.868166,39.212608,1696118400.016
06a087,40.147213,44.381638,1696118400.016
10fa02,51.717278,46.182709,1696118400.016
a865e3,29.226438,47.958755,1696118400.016
706056,29.237773,47.977726,1696118400.016
06a08d,25.262666,51.596837,1696118400.016
06a0b2,25.27129,51.59846,1696118400.016
4bc849,25.261654,51.604703,1696118400.016
06a0a8,25.256125,51.605115,1696118400.016
06a383,25.25616,51.607162,1696118400.016
896e75,24.440002,54.634768,1696118400.016
896e32,24.449924,54.641368,1696118400.016
896e6d,24.456631,54.641431,1696118400.016
896e23,24.426041,54.646899,1696118400.016
896e1f,24.461246,54.647564,1696118400.016
4b8e46,24.433722,54.649922,1696118400.016
896e1b,24.453838,54.660009,1696118400.016
896e1e,24.442811,54.663097,1696118400.016
896e3e,24.425924,54.670715,1696118400.016
ac5fd6,25.256092,55.353686,1696118400.016
896211,25.249864,55.354083,1696118400.016
896183,25.25972,55.355581,1696118400.016
800cf4,25.258472,55.357882,1696118400.016
896ee5,25.249443,55.358555,1696118400.016
896f23,25.263748,55.359917,1696118400.016
896f20,25.264,55.359955,1696118400.016
896218,25.255439,55.363372,1696118400.016
8963ba,25.259756,55.365225,1696118400.016
896178,25.245815,55.367279,1696118400.016
896e89,25.258011,55.367828,1696118400.016
896ed5,25.258022,55.367985,1696118400.016
896f21,25.258638,55.368061,1696118400.016
896ed7,25.258495,55.36808,1696118400.016
896187,25.258651,55.368762,1696118400.016
896196,25.247532,55.369517,1696118400.016
896180,25.24229,55.37173,1696118400.016
896198,25.245003,55.373014,1696118400.016
896305,25.241352,55.374096,1696118400.016
896212,25.240917,55.374845,1696118400.016
89647b,25.244362,55.376053,1696118400.016
896479,25.242462,55.377636,1696118400.016
800da3,25.246954,55.379696,1696118400.016
151d77,54.566986,55.87944,1696118400.016
896e7c,25.166428,56.176122,1696118400.016
5153ad,38.5831,68.81572,1696118400.016
896497,23.074059,72.625298,1696118400.016
8013ca,19.090405,72.86557,1696118400.016
760000,31.521927,74.410064,1696118400.016
8015fc,31.706124,74.798973,1696118400.016
800d4c,28.551826,77.069817,1696118400.016
8015c7,28.562696,77.084213,1696118400.016
801445,28.56443,77.093971,1696118400.016
8014e5,28.547413,77.09446,1696118400.016
801455,28.567337,77.115707,1696118400.016
896585,12.992146,80.178955,1696118400.016
~10d2f1,55.033986,82.603038,1696118400.016
151fba,55.013363,82.660668,1696118400.016
151ff0,55.280375,86.121306,1696118400.016
800870,22.640995,88.439954,1696118400.016
8008c0,22.647489,88.440336,1696118400.016
8008cb,22.651669,88.441003,1696118400.016
8013dd,22.642403,88.441366,1696118400.016
8001ac,22.64217,88.442201,1696118400.016
8008c6,22.651909,88.444236,1696118400.016
8008c7,22.646069,88.449071,1696118400.016
8008d3,22.652505,88.450737,1696118400.016
70c13c,23.849007,90.401917,1696118400.016
880846,13.906969,100.597855,1696118400.016
88084c,13.918968,100.604965,1696118400.016
8832b0,13.922587,100.605047,1696118400.016
8832cb,13.918188,100.605083,1696118400.016
880858,13.9231,100.606246,1696118400.016
880851,13.925753,100.612007,1696118400.016
882da5,13.704151,100.745209,1696118400.016
8013ed,1.340053,103.977415,1696118400.016
76e94f,1.378377,103.98794,1696118400.016
76eac3,1.33692,103.991119,1696118400.016
76cd10,1.37712,103.991278,1696118400.016
76e965,1.32895,104.002663,1696118400.016
76b441,1.36813,104.004566,1696118400.016
76d24d,1.359135,104.012421,1696118400.016
88808c,16.049103,108.200214,1696118400.016
888127,16.051328,108.201305,1696118400.016
888170,16.031078,108.203671,1696118400.016
a739ce,4.829865,111.047431,1696118400.016
780ab5,22.297096,113.899021,1696118400.016
7b1007,22.306515,113.904128,1696118400.016
504e27,22.328075,113.905014,1696118400.016
7801c7,22.309834,113.911718,1696118400.016
7b1005,22.310847,113.915469,1696118400.016
4d0110,22.301792,113.920975,1696118400.016
780a67,22.313747,113.921156,1696118400.016
780a4a,22.310882,113.922221,1696118400.016
780a0b,22.306343,113.923753,1696118400.016
7b100a,22.308998,113.931519,1696118400.016
780a6d,22.314159,113.93258,1696118400.016
7b1041,22.309811,113.93383,1696118400.016
7c685d,-32.095757,115.879614,1696118400.016
7c6d93,-31.950565,115.961435,1696118400.016
7cf62e,-31.936977,115.967003,1696118400.016
~7cf680,-31.940804,115.973204,1696118400.016
780d7e,30.23683,120.40952,1696118400.016
798031,30.2235,120.41718,1696118400.016
78042c,30.2312,120.43185,1696118400.016
75824c,14.510216,121.014008,1696118400.016
758708,14.516198,121.014224,1696118400.016
7583a5,14.507664,121.014913,1696118400.016
758322,14.512195,121.017295,1696118400.016
75869f,14.512928,121.017601,1696118400.016
8990ed,25.072418,121.218636,1696118400.016
899107,25.07449,121.221266,1696118400.016
750425,25.071487,121.233846,1696118400.016
8990d7,25.07523,121.235085,1696118400.016
780a7e,25.076503,121.23702,1696118400.016
88809e,25.074606,121.23781,1696118400.016
781fc1,31.187622,121.330292,1696118400.016
780b31,31.198414,121.341232,1696118400.016
899069,25.065796,121.556997,1696118400.016
780fc7,31.129509,121.797975,1696118400.016
780f99,31.132403,121.799075,1696118400.016
781d9e,31.132996,121.802577,1696118400.016
781c0a,31.159345,121.803333,1696118400.016
7800d1,31.127352,121.803346,1696118400.016
7810e9,31.148568,121.807439,1696118400.016
781929,31.15718,121.809169,1696118400.016
76cd15,31.148486,121.813522,1696118400.016
781d39,31.138489,121.817271,1696118400.016
780d73,31.128446,121.821075,1696118400.016
78185a,31.12682,121.821684,1696118400.016
71bd33,37.462425,126.432159,1696118400.016
71c349,37.455322,126.43531,1696118400.016
71bf09,37.466568,126.437904,1696118400.016
71ba03,37.462784,126.440102,1696118400.016
71d419,37.456409,126.444633,1696118400.016
71c039,37.456432,126.450798,1696118400.016
71c543,37.453583,126.459457,1696118400.016
71c069,33.50148,126.475311,1696118400.016
71d423,37.455814,126.480728,1696118400.016
71c099,33.508209,126.488564,1696118400.016
71d187,33.504589,126.49102,1696118400.016
71c333,37.559509,126.795479,1696118400.016
8681ae,26.215044,127.648735,1696118400.016
8a0517,-3.706955,128.089264,1696118400.016
8681b9,33.600056,130.443405,1696118400.016
71c339,33.586044,130.445862,1696118400.016
86222e,33.597931,130.446976,1696118400.016
7c01e7,-12.412571,130.86624,1696118400.016
846f00,34.791321,135.436903,1696118400.016
86e7de,34.789488,135.440354,1696118400.016
7c1687,-34.78666,138.634014,1696118400.016
7c14fc,-34.79149,138.634644,1696118400.016
87cc49,35.839817,139.407288,1696118400.016
ae57c1,35.460709,139.445844,1696118400.016
86dd08,35.550187,139.764969,1696118400.016
862a60,35.553364,139.76624,1696118400.016
406f7a,35.54887,139.767517,1696118400.016
861b28,35.551987,139.772215,1696118400.016
846444,35.555592,139.772215,1696118400.016
84c7d2,35.557468,139.772573,1696118400.016
86dca2,35.549641,139.77263,1696118400.016
86d288,35.556839,139.773889,1696118400.016
851ca8,35.552014,139.780251,1696118400.016
861f5e,35.56356,139.781921,1696118400.016
841c60,35.549593,139.782238,1696118400.016
867f68,35.564583,139.784122,1696118400.016
85db54,35.556736,139.786878,1696118400.016
845d88,35.553211,139.788294,1696118400.016
87aac6,35.54389,139.791003,1696118400.016
86d222,35.551586,139.792929,1696118400.016
84640c,35.533079,139.803115,1696118400.016
7c7a46,-37.663833,144.826927,1696118400.016
7cf353,-37.661913,144.840809,1696118400.016
~7cf714,-37.661947,144.840824,1696118400.016
7c7c77,-37.674982,144.841854,1696118400.016
7cf65c,-37.684547,144.845255,1696118400.016
76cd75,-37.666557,144.845635,1696118400.016
7c5984,-37.672691,144.846613,1696118400.016
76cd42,-37.663367,144.847855,1696118400.016
7c6d26,-37.673298,144.847958,1696118400.016
~7cf34c,-37.66552,144.848362,1696118400.016
7c6dbb,-37.665485,144.848482,1696118400.016
7c47a3,-37.664486,144.849199,1696118400.016
7c68b8,-37.667633,144.85012,1696118400.016
7c6b9b,-37.973888,145.095822,1696118400.016
7c0898,-37.98019,145.101794,1696118400.016
7c7c9c,-42.838696,147.515275,1696118400.016
7c4512,-35.31134,149.191575,1696118400.016
7c39f5,-35.301784,149.193883,1696118400.016
7cf7cc,-33.54855,150.616648,1696118400.016
7cf7cd,-34.142597,150.670828,1696118400.016
7c2d9b,-33.920288,150.981436,1696118400.016
7c2dfe,-33.915836,150.994889,1696118400.016
7cf4a6,-33.939754,151.164406,1696118400.016
885175,-33.941174,151.166046,1696118400.016
7cf4a2,-33.939887,151.1692,1696118400.016
7c1476,-33.941318,151.169343,1696118400.016
8a04d7,-33.93853,151.170081,1696118400.016
7c6bbb,-33.943932,151.170362,1696118400.016
7cf441,-33.938541,151.171371,1696118400.016
7cf445,-33.927441,151.173557,1696118400.016
7c531d,-33.931484,151.17558,1696118400.016
~7cf4fa,-33.931461,151.175838,1696118400.016
7cf4bd,-33.93203,151.175981,1696118400.016
7c6d2f,-33.949024,151.176696,1696118400.016
7c6d7e,-33.934055,151.176822,1696118400.016
7c7ccf,-33.935185,151.177039,1696118400.016
7c5b6c,-33.933289,151.177505,1696118400.016
7cf4b0,-33.929342,151.177983,1696118400.016
7c6d37,-33.936127,151.178198,1696118400.016
7c77fe,-33.931423,151.17968,1696118400.016
7c7aa0,-33.936367,151.17982,1696118400.016
7cf451,-33.952688,151.180201,1696118400.016
7c6db3,-33.951027,151.180871,1696118400.016
a0aacc,-33.95113,151.184557,1696118400.016
7c52ff,-33.950455,151.184753,1696118400.016
7cf4e7,-33.962757,151.185244,1696118400.016
7c7bd8,-33.964657,151.190204,1696118400.016
7c77a0,-33.940375,151.190486,1696118400.016
7cf44e,-33.97197,151.191521,1696118400.016
7c6d7b,-33.971193,151.19276,1696118400.016
7cf7cb,-33.8707,151.208026,1696118400.016
7cf7ca,-33.870623,151.209208,1696118400.016
7c7bcb,-27.570831,153.000801,1696118400.016
7c446f,-27.566711,153.013445,1696118400.016
c81d80,-27.403404,153.111117,1696118400.016
7c7aae,-27.402592,153.11538,1696118400.016
76cd08,-27.372665,153.11604,1696118400.016
7c68cb,-27.3915,153.121024,1696118400.016
7c530e,-27.390221,153.121767,1696118400.016
c87ed7,-46.168519,167.833208,1696118400.016
c87ed6,-45.813274,170.554354,1696118400.016
c87ed5,-44.641478,170.910622,1696118400.016
7c6b38,-43.487378,172.537242,1696118400.016
3a4d01,-37.007298,174.781494,1696118400.016
7c6b3d,-37.006863,174.788726,1696118400.016
c87ee1,-37.006306,174.788943,1696118400.016
c87e47,-37.007092,174.790873,1696118400.016
c87ee2,-37.015244,174.804392,1696118400.016
c81a5a,-41.327694,174.808121,1696118400.016
c81958,-41.331206,174.810489,1696118400.016
c87f39,-40.208668,175.397079,1696118400.016
c80336,-38.112108,176.316102,1696118400.016